loc,can,lado,local_date,local_hour
Scorpion,Cancha1,LadoA,2025-08-25,10
Scorpion,Cancha1,LadoA,2025-08-25,09
Scorpion,Cancha1,LadoA,2025-08-24,20
Scorpion,Cancha1,LadoA,2025-08-24,20
Scorpion,Cancha1,LadoA,2025-08-24,20
Scorpion,Cancha1,LadoA,2025-08-24,20
Scorpion,Cancha1,LadoA,2025-08-24,20
Scorpion,Cancha1,LadoA,2025-08-24,19
Scorpion,Cancha1,LadoA,2025-08-24,18
Scorpion,Cancha1,LadoA,2025-08-24,18
Scorpion,Cancha1,LadoA,2025-08-24,17
Scorpion,Cancha1,LadoA,2025-08-24,17
Scorpion,Cancha1,LadoA,2025-08-24,17
Scorpion,Cancha1,LadoA,2025-08-24,17
Scorpion,Cancha1,LadoA,2025-08-24,17
Scorpion,Cancha1,LadoA,2025-08-24,16
Scorpion,Cancha1,LadoA,2025-08-24,16
Scorpion,Cancha1,LadoA,2025-08-24,16
Scorpion,Cancha1,LadoA,2025-08-24,16
Scorpion,Cancha1,LadoA,2025-08-24,15
Scorpion,Cancha1,LadoA,2025-08-24,15
Scorpion,Cancha1,LadoA,2025-08-24,15
Scorpion,Cancha1,LadoA,2025-08-24,15
Scorpion,Cancha1,LadoA,2025-08-24,15
Scorpion,Cancha1,LadoA,2025-08-24,14
Scorpion,Cancha1,LadoA,2025-08-24,14
Scorpion,Cancha1,LadoA,2025-08-24,14
Scorpion,Cancha1,LadoA,2025-08-24,14
Scorpion,Cancha1,LadoA,2025-08-24,14
Scorpion,Cancha1,LadoA,2025-08-24,13
Scorpion,Cancha1,LadoA,2025-08-24,13
Scorpion,Cancha1,LadoA,2025-08-24,13
Scorpion,Cancha1,LadoA,2025-08-24,13
Scorpion,Cancha1,LadoA,2025-08-24,13
Scorpion,Cancha1,LadoB,2025-08-25,09
Scorpion,Cancha1,LadoB,2025-08-24,21
Scorpion,Cancha1,LadoB,2025-08-24,20
Scorpion,Cancha1,LadoB,2025-08-24,20
Scorpion,Cancha1,LadoB,2025-08-24,20
Scorpion,Cancha1,LadoB,2025-08-24,19
Scorpion,Cancha1,LadoB,2025-08-24,19
Scorpion,Cancha1,LadoB,2025-08-24,19
Scorpion,Cancha1,LadoB,2025-08-24,19
Scorpion,Cancha1,LadoB,2025-08-24,18
Scorpion,Cancha1,LadoB,2025-08-24,18
Scorpion,Cancha1,LadoB,2025-08-24,17
Scorpion,Cancha1,LadoB,2025-08-24,17
Scorpion,Cancha1,LadoB,2025-08-24,17
Scorpion,Cancha1,LadoB,2025-08-24,17
Scorpion,Cancha1,LadoB,2025-08-24,16
Scorpion,Cancha1,LadoB,2025-08-24,16
Scorpion,Cancha1,LadoB,2025-08-24,16
Scorpion,Cancha1,LadoB,2025-08-24,16
Scorpion,Cancha1,LadoB,2025-08-24,15
Scorpion,Cancha1,LadoB,2025-08-24,15
Scorpion,Cancha1,LadoB,2025-08-24,15
Scorpion,Cancha1,LadoB,2025-08-24,15
Scorpion,Cancha1,LadoB,2025-08-24,15
Scorpion,Cancha1,LadoB,2025-08-24,14
Scorpion,Cancha1,LadoB,2025-08-24,13
Scorpion,Cancha1,LadoB,2025-08-24,13
Scorpion,Cancha1,LadoB,2025-08-24,13
Scorpion,Cancha1,LadoB,2025-08-24,13
vistahorizonte,vistadelaslomas,casa8,2025-06-23,17
vistahorizonte,vistadelaslomas,casa8,2025-06-23,17
testclub,testcancha,testlado,2025-07-16,17
testclub,testcancha,testlado,2025-07-16,19
testclub,testcancha,testlado,2025-07-16,19
testclub,testcancha,testlado,2025-07-16,19
testclub,testcancha,testlado,2025-07-16,19
testclub,testcancha,testlado,2025-07-16,20
interpadel,cancha3,ladoa,2025-08-02,12
interpadel,cancha3,ladoa,2025-08-02,12
interpadel,cancha3,ladoa,2025-08-02,12
interpadel,cancha3,ladoa,2025-08-02,12
interpadel,cancha3,ladoa,2025-08-02,13
interpadel,cancha3,ladoa,2025-08-02,13
interpadel,cancha3,ladoa,2025-08-02,13
interpadel,cancha3,ladoa,2025-08-02,13
interpadel,cancha3,ladoa,2025-08-02,13
interpadel,cancha3,ladoa,2025-08-03,19
interpadel,cancha3,ladoa,2025-08-03,20
interpadel,cancha3,ladoa,2025-08-03,20
interpadel,cancha3,ladoa,2025-08-03,20
interpadel,cancha3,ladoa,2025-08-03,20
interpadel,cancha3,ladoa,2025-08-03,20
interpadel,cancha3,ladoa,2025-08-03,20
interpadel,cancha3,ladoa,2025-08-03,20
interpadel,cancha3,ladoa,2025-08-03,21
interpadel,cancha3,ladoa,2025-08-03,21
interpadel,cancha3,ladoa,2025-08-03,21
interpadel,cancha3,ladoa,2025-08-03,21
interpadel,cancha3,ladoa,2025-08-03,21
interpadel,cancha3,ladoa,2025-08-03,21
interpadel,cancha3,ladoa,2025-08-03,21
interpadel,cancha3,ladoa,2025-08-03,21
interpadel,cancha3,ladoa,2025-08-03,21
interpadel,cancha3,ladoa,2025-08-03,21
interpadel,cancha3,ladoa,2025-08-03,22
interpadel,cancha3,ladoa,2025-08-03,22
scorpion,cancha1,ladob,2025-08-23,11
scorpion,cancha1,ladoa,2025-08-23,11
scorpion,cancha1,ladoa,2025-08-23,11
scorpion,cancha1,ladob,2025-08-23,12
scorpion,cancha1,ladoa,2025-08-23,12
scorpion,cancha1,ladob,2025-08-23,12
scorpion,cancha1,ladoa,2025-08-23,12
scorpion,cancha1,ladob,2025-08-23,12
scorpion,cancha1,ladoa,2025-08-23,12
scorpion,cancha1,ladob,2025-08-23,12
scorpion,cancha1,ladoa,2025-08-23,12
scorpion,cancha1,ladob,2025-08-23,12
scorpion,cancha1,ladoa,2025-08-23,12
scorpion,cancha1,ladob,2025-08-23,13
scorpion,cancha1,ladoa,2025-08-23,13
scorpion,cancha1,ladob,2025-08-23,13
scorpion,cancha1,ladoa,2025-08-23,14
scorpion,cancha1,ladob,2025-08-23,14
scorpion,cancha1,ladoa,2025-08-23,14
scorpion,cancha1,ladob,2025-08-23,14
scorpion,cancha1,ladoa,2025-08-23,14
scorpion,cancha1,ladoa,2025-08-23,14
scorpion,cancha1,ladoa,2025-08-23,14
scorpion,cancha1,ladoa,2025-08-23,14
scorpion,cancha1,ladob,2025-08-23,15
scorpion,cancha1,ladoa,2025-08-23,15
scorpion,cancha1,ladob,2025-08-23,15
scorpion,cancha1,ladoa,2025-08-23,15
scorpion,cancha1,ladob,2025-08-23,15
scorpion,cancha1,ladob,2025-08-23,15
scorpion,cancha1,ladoa,2025-08-23,15
scorpion,cancha1,ladob,2025-08-23,15
scorpion,cancha1,ladoa,2025-08-23,16
scorpion,cancha1,ladob,2025-08-23,16
scorpion,cancha1,ladoa,2025-08-23,16
scorpion,cancha1,ladob,2025-08-23,17
scorpion,cancha1,ladoa,2025-08-23,17
scorpion,cancha1,ladob,2025-08-23,17
scorpion,cancha1,ladoa,2025-08-23,17
scorpion,cancha1,ladob,2025-08-23,17
scorpion,cancha1,ladoa,2025-08-23,17
scorpion,cancha1,ladoa,2025-08-23,19
scorpion,cancha1,ladob,2025-08-23,19
scorpion,cancha1,ladoa,2025-08-23,19
scorpion,cancha1,ladob,2025-08-23,19
scorpion,cancha1,ladoa,2025-08-23,19
scorpion,cancha1,ladoa,2025-08-23,20
scorpion,cancha1,ladob,2025-08-23,20
scorpion,cancha1,ladob,2025-08-23,20
scorpion,cancha1,ladoa,2025-08-23,20
scorpion,cancha1,ladoa,2025-08-23,21
scorpion,cancha1,ladoa,2025-08-23,22
scorpion,cancha1,ladob,2025-08-23,22
scorpion,cancha1,ladoa,2025-08-24,11
scorpion,cancha1,ladob,2025-08-24,11
scorpion,cancha1,ladoa,2025-08-24,11
scorpion,cancha1,ladob,2025-08-24,11
scorpion,cancha1,ladoa,2025-08-24,11
scorpion,cancha1,ladoa,2025-08-24,11
scorpion,cancha1,ladob,2025-08-24,11
scorpion,cancha1,ladoa,2025-08-24,12
scorpion,cancha1,ladob,2025-08-24,12
scorpion,cancha1,ladoa,2025-08-24,12
scorpion,cancha1,ladob,2025-08-24,12
scorpion,cancha1,ladob,2025-08-25,19
scorpion,cancha1,ladob,2025-08-25,19
scorpion,cancha1,ladoa,2025-08-25,19
scorpion,cancha1,ladoa,2025-08-25,19
scorpion,cancha1,ladob,2025-08-25,20
scorpion,cancha1,ladoa,2025-08-25,20
scorpion,cancha1,ladob,2025-08-25,23
scorpion,cancha1,ladoa,2025-08-25,23
scorpion,cancha1,ladob,2025-08-26,17
scorpion,cancha1,ladoa,2025-08-26,17
scorpion,cancha1,ladob,2025-08-26,18
scorpion,cancha1,ladoa,2025-08-26,18
scorpion,cancha1,ladob,2025-08-26,18
scorpion,cancha1,ladoa,2025-08-26,18
scorpion,cancha1,ladob,2025-08-26,18
scorpion,cancha1,ladoa,2025-08-26,19
scorpion,cancha1,ladob,2025-08-26,19
scorpion,cancha1,ladoa,2025-08-26,19
scorpion,cancha1,ladoa,2025-08-26,19
scorpion,cancha1,ladob,2025-08-26,19
scorpion,cancha1,ladob,2025-08-26,21
scorpion,cancha1,ladoa,2025-08-26,21
scorpion,cancha1,ladob,2025-08-26,21
scorpion,cancha1,ladoa,2025-08-26,21
scorpion,cancha1,ladob,2025-08-26,21
scorpion,cancha1,ladob,2025-08-27,07
scorpion,cancha1,ladob,2025-08-27,07
scorpion,cancha1,ladob,2025-08-27,07
scorpion,cancha1,ladob,2025-08-27,07
scorpion,cancha1,ladob,2025-08-27,07
scorpion,cancha1,ladob,2025-08-27,07
scorpion,cancha1,ladob,2025-08-27,07
scorpion,cancha1,ladob,2025-08-27,07
scorpion,cancha1,ladob,2025-08-27,07
scorpion,cancha1,ladob,2025-08-27,07
scorpion,cancha1,ladoa,2025-08-27,08
scorpion,cancha1,ladoa,2025-08-27,08
scorpion,cancha1,ladob,2025-08-27,14
scorpion,cancha1,ladoa,2025-08-27,14
scorpion,cancha1,ladob,2025-08-27,17
scorpion,cancha1,ladoa,2025-08-27,17
scorpion,cancha1,ladoa,2025-08-27,17
scorpion,cancha1,ladoa,2025-08-27,17
scorpion,cancha1,ladob,2025-08-27,18
scorpion,cancha1,ladoa,2025-08-27,18
scorpion,cancha1,ladob,2025-08-27,20
scorpion,cancha1,ladoa,2025-08-27,21
scorpion,cancha1,ladoa,2025-08-27,21
scorpion,cancha1,ladoa,2025-08-27,21
scorpion,cancha1,ladoa,2025-08-27,21
scorpion,cancha1,ladob,2025-08-27,21
scorpion,cancha1,ladoa,2025-08-27,22
scorpion,cancha1,ladob,2025-08-27,22
scorpion,cancha1,ladob,2025-08-28,17
scorpion,cancha1,ladoa,2025-08-28,17
scorpion,cancha1,ladob,2025-08-28,17
scorpion,cancha1,ladoa,2025-08-28,17
scorpion,cancha1,ladob,2025-08-28,17
scorpion,cancha1,ladoa,2025-08-28,17
scorpion,cancha1,ladoa,2025-08-28,17
scorpion,cancha1,ladob,2025-08-28,17
scorpion,cancha1,ladoa,2025-08-28,17
scorpion,cancha1,ladoa,2025-08-28,17
scorpion,cancha1,ladob,2025-08-28,17
scorpion,cancha1,ladoa,2025-08-28,18
scorpion,cancha1,ladoa,2025-08-28,18
scorpion,cancha1,ladoa,2025-08-28,18
scorpion,cancha1,ladoa,2025-08-28,18
scorpion,cancha1,ladob,2025-08-28,18
scorpion,cancha1,ladoa,2025-08-28,18
scorpion,cancha1,ladoa,2025-08-28,18
scorpion,cancha1,ladoa,2025-08-28,18
scorpion,cancha1,ladob,2025-08-28,18
scorpion,cancha1,ladoa,2025-08-28,18
scorpion,cancha1,ladoa,2025-08-28,18
scorpion,cancha1,ladoa,2025-08-28,22
scorpion,cancha1,ladob,2025-08-28,22
scorpion,cancha1,ladoa,2025-08-28,22
scorpion,cancha1,ladob,2025-08-28,22
scorpion,cancha1,ladoa,2025-08-28,22
scorpion,cancha1,ladob,2025-08-28,22
scorpion,cancha1,ladoa,2025-08-28,22
scorpion,cancha1,ladoa,2025-08-28,23
scorpion,cancha1,ladob,2025-08-28,23
scorpion,cancha1,ladoa,2025-08-28,23
scorpion,cancha1,ladoa,2025-08-28,23
scorpion,cancha1,ladoa,2025-08-28,23
scorpion,cancha1,ladoa,2025-08-28,23
scorpion,cancha1,ladoa,2025-08-28,23
scorpion,cancha1,ladoa,2025-08-28,23
scorpion,cancha1,ladob,2025-08-29,09
scorpion,cancha1,ladob,2025-08-29,10
scorpion,cancha1,ladob,2025-08-29,10
scorpion,cancha1,ladob,2025-08-29,10
scorpion,cancha1,ladob,2025-08-29,10
scorpion,cancha1,ladob,2025-08-29,11
scorpion,cancha1,ladob,2025-08-29,11
scorpion,cancha1,ladob,2025-08-29,11
scorpion,cancha1,ladob,2025-08-29,12
scorpion,cancha1,ladob,2025-08-29,13
scorpion,cancha1,ladob,2025-08-29,18
scorpion,cancha1,ladob,2025-08-29,18
scorpion,cancha1,ladob,2025-08-29,19
scorpion,cancha1,ladob,2025-08-29,19
scorpion,cancha1,ladob,2025-08-29,19
scorpion,cancha1,ladob,2025-08-30,08
scorpion,cancha1,ladoa,2025-08-30,08
scorpion,cancha1,ladob,2025-08-30,08
scorpion,cancha1,ladoa,2025-08-30,08
scorpion,cancha1,ladoa,2025-08-30,08
scorpion,cancha1,ladob,2025-08-30,08
scorpion,cancha1,ladob,2025-08-30,09
scorpion,cancha1,ladoa,2025-08-30,09
scorpion,cancha1,ladoa,2025-08-30,09
scorpion,cancha1,ladoa,2025-08-30,09
scorpion,cancha2,ladoa,2025-08-30,12
scorpion,cancha2,ladoa,2025-08-30,12
scorpion,cancha1,ladob,2025-08-30,13
scorpion,cancha1,ladoa,2025-08-30,13
scorpion,cancha1,ladoa,2025-08-30,13
scorpion,cancha1,ladoa,2025-08-30,13
scorpion,cancha1,ladob,2025-08-30,14
scorpion,cancha1,ladoa,2025-08-30,14
scorpion,cancha1,ladob,2025-08-30,14
scorpion,cancha1,ladoa,2025-08-30,14
scorpion,cancha1,ladob,2025-08-30,14
scorpion,cancha1,ladoa,2025-08-30,14
scorpion,cancha1,ladob,2025-08-30,14
scorpion,cancha1,ladoa,2025-08-30,14
scorpion,cancha1,ladob,2025-08-30,14
scorpion,cancha1,ladoa,2025-08-30,14
scorpion,cancha1,ladob,2025-08-30,14
scorpion,cancha1,ladoa,2025-08-30,14
scorpion,cancha2,ladoa,2025-08-31,13
scorpion,cancha2,ladoa,2025-08-31,13
scorpion,cancha2,ladob,2025-08-31,14
scorpion,cancha2,ladob,2025-08-31,14
scorpion,cancha1,ladob,2025-09-01,19
scorpion,cancha1,ladoa,2025-09-01,19
scorpion,cancha1,ladob,2025-09-01,19
scorpion,cancha1,ladoa,2025-09-01,19
scorpion,cancha1,ladoa,2025-09-01,19
scorpion,cancha1,ladob,2025-09-01,19
scorpion,cancha1,ladoa,2025-09-01,19
scorpion,cancha1,ladob,2025-09-01,20
scorpion,cancha1,ladoa,2025-09-01,20
scorpion,cancha1,ladob,2025-09-01,20
scorpion,cancha1,ladoa,2025-09-01,20
scorpion,cancha1,ladob,2025-09-01,20
scorpion,cancha1,ladoa,2025-09-01,20
scorpion,cancha1,ladob,2025-09-01,20
scorpion,cancha1,ladoa,2025-09-01,20
scorpion,cancha1,ladob,2025-09-01,20
scorpion,cancha1,ladob,2025-09-01,20
scorpion,cancha1,ladoa,2025-09-01,20
scorpion,cancha1,ladoa,2025-09-01,20
scorpion,cancha1,ladob,2025-09-01,20
scorpion,cancha1,ladob,2025-09-01,20
scorpion,cancha1,ladoa,2025-09-01,20
scorpion,cancha1,ladob,2025-09-01,21
scorpion,cancha1,ladoa,2025-09-01,21
scorpion,cancha1,ladob,2025-09-01,21
scorpion,cancha1,ladoa,2025-09-01,21
scorpion,cancha1,ladob,2025-09-01,22
scorpion,cancha1,ladoa,2025-09-01,22
scorpion,cancha2,ladob,2025-09-02,10
scorpion,cancha2,ladoa,2025-09-02,10
scorpion,cancha2,ladob,2025-09-02,11
scorpion,cancha2,ladoa,2025-09-02,11
scorpion,cancha1,ladob,2025-09-02,12
scorpion,cancha1,ladoa,2025-09-02,13
scorpion,cancha1,ladob,2025-09-02,13
scorpion,cancha1,ladoa,2025-09-02,13
scorpion,cancha1,ladob,2025-09-02,13
scorpion,cancha2,ladob,2025-09-02,15
scorpion,cancha2,ladob,2025-09-02,15
scorpion,cancha2,ladob,2025-09-02,15
scorpion,cancha2,ladob,2025-09-02,15
scorpion,cancha2,ladob,2025-09-02,15
scorpion,cancha2,ladob,2025-09-02,15
scorpion,cancha2,ladob,2025-09-02,15
scorpion,cancha2,ladob,2025-09-02,15
scorpion,cancha2,ladob,2025-09-02,15
scorpion,cancha2,ladob,2025-09-02,15
scorpion,cancha2,ladob,2025-09-02,15
scorpion,cancha2,ladob,2025-09-02,15
scorpion,cancha2,ladob,2025-09-02,15
scorpion,cancha2,ladob,2025-09-02,15
scorpion,cancha2,ladob,2025-09-02,15
scorpion,cancha2,ladob,2025-09-02,15
scorpion,cancha2,ladoa,2025-09-02,16
scorpion,cancha2,ladob,2025-09-02,16
scorpion,cancha2,ladob,2025-09-02,16
scorpion,cancha2,ladoa,2025-09-02,16
scorpion,cancha2,ladob,2025-09-02,16
scorpion,cancha2,ladob,2025-09-02,16
scorpion,cancha2,ladob,2025-09-02,16
scorpion,cancha2,ladob,2025-09-02,16
scorpion,cancha2,ladob,2025-09-02,16
scorpion,cancha2,ladoa,2025-09-02,16
scorpion,cancha2,ladob,2025-09-02,16
scorpion,cancha2,ladob,2025-09-02,16
scorpion,cancha2,ladoa,2025-09-02,16
scorpion,cancha2,ladob,2025-09-02,16
scorpion,cancha2,ladob,2025-09-02,16
scorpion,cancha2,ladoa,2025-09-02,16
scorpion,cancha2,ladob,2025-09-02,16
scorpion,cancha2,ladoa,2025-09-02,16
scorpion,cancha2,ladob,2025-09-02,16
scorpion,cancha2,ladob,2025-09-02,17
scorpion,cancha2,ladob,2025-09-02,17
scorpion,cancha2,ladob,2025-09-02,17
scorpion,cancha2,ladoa,2025-09-02,17
scorpion,cancha2,ladob,2025-09-02,17
scorpion,cancha2,ladob,2025-09-02,17
scorpion,cancha2,ladob,2025-09-02,17
scorpion,cancha2,ladob,2025-09-02,17
scorpion,cancha2,ladoa,2025-09-02,17
scorpion,cancha1,ladoa,2025-09-02,17
scorpion,cancha1,ladob,2025-09-02,17
scorpion,cancha1,ladoa,2025-09-02,19
scorpion,cancha1,ladob,2025-09-02,19
scorpion,cancha1,ladoa,2025-09-02,19
scorpion,cancha1,ladob,2025-09-02,19
scorpion,cancha1,ladoa,2025-09-02,20
scorpion,cancha1,ladob,2025-09-02,20
scorpion,cancha1,ladoa,2025-09-02,20
scorpion,cancha1,ladob,2025-09-02,20
scorpion,cancha1,ladoa,2025-09-02,20
scorpion,cancha1,ladoa,2025-09-02,20
scorpion,cancha1,ladob,2025-09-02,20
scorpion,cancha1,ladob,2025-09-02,20
scorpion,cancha1,ladoa,2025-09-02,21
scorpion,cancha1,ladob,2025-09-02,21
scorpion,cancha1,ladoa,2025-09-02,21
scorpion,cancha1,ladob,2025-09-02,21
scorpion,cancha1,ladoa,2025-09-02,22
scorpion,cancha1,ladob,2025-09-02,22
scorpion,cancha2,ladoa,2025-09-03,11
scorpion,cancha2,ladoa,2025-09-03,12
scorpion,cancha2,ladob,2025-09-03,12
scorpion,cancha2,ladoa,2025-09-03,12
scorpion,cancha2,ladoa,2025-09-03,12
scorpion,cancha2,ladob,2025-09-03,12
scorpion,cancha2,ladoa,2025-09-03,12
scorpion,cancha2,ladob,2025-09-03,12
scorpion,cancha1,ladob,2025-09-03,12
scorpion,cancha1,ladoa,2025-09-03,13
scorpion,cancha1,ladob,2025-09-03,13
scorpion,cancha1,ladoa,2025-09-03,13
scorpion,cancha2,ladoa,2025-09-03,13
scorpion,cancha2,ladob,2025-09-03,13
scorpion,cancha1,ladoa,2025-09-03,13
scorpion,cancha2,ladob,2025-09-03,13
scorpion,cancha1,ladoa,2025-09-03,13
scorpion,cancha2,ladob,2025-09-03,13
scorpion,cancha1,ladob,2025-09-03,13
scorpion,cancha1,ladob,2025-09-03,13
scorpion,cancha1,ladoa,2025-09-03,13
scorpion,cancha2,ladob,2025-09-03,13
scorpion,cancha1,ladob,2025-09-03,13
scorpion,cancha1,ladoa,2025-09-03,13
scorpion,cancha1,ladob,2025-09-03,13
scorpion,cancha1,ladoa,2025-09-03,13
scorpion,cancha2,ladob,2025-09-03,13
scorpion,cancha2,ladob,2025-09-03,13
scorpion,cancha2,ladoa,2025-09-03,14
scorpion,cancha2,ladob,2025-09-03,14
scorpion,cancha1,ladoa,2025-09-03,14
scorpion,cancha1,ladob,2025-09-03,14
scorpion,cancha1,ladob,2025-09-03,14
scorpion,cancha1,ladoa,2025-09-03,16
scorpion,cancha1,ladob,2025-09-03,16
scorpion,cancha1,ladoa,2025-09-03,16
scorpion,cancha1,ladob,2025-09-03,16
scorpion,cancha1,ladob,2025-09-03,16
scorpion,cancha1,ladoa,2025-09-03,16
scorpion,cancha1,ladoa,2025-09-03,17
scorpion,cancha1,ladoa,2025-09-03,17
scorpion,cancha1,ladob,2025-09-03,17
scorpion,cancha1,ladoa,2025-09-03,17
scorpion,cancha1,ladob,2025-09-03,17
scorpion,cancha1,ladoa,2025-09-03,18
scorpion,cancha1,ladoa,2025-09-03,18
scorpion,cancha1,ladob,2025-09-03,18
scorpion,cancha1,ladob,2025-09-03,18
scorpion,cancha1,ladoa,2025-09-03,20
scorpion,cancha1,ladob,2025-09-03,21
scorpion,cancha1,ladoa,2025-09-03,21
scorpion,cancha1,ladob,2025-09-03,21
scorpion,cancha2,ladob,2025-09-04,10
scorpion,cancha2,ladob,2025-09-04,10
scorpion,cancha2,ladob,2025-09-04,10
scorpion,cancha2,ladob,2025-09-04,10
scorpion,cancha2,ladoa,2025-09-04,10
scorpion,cancha2,ladob,2025-09-04,10
scorpion,cancha2,ladob,2025-09-04,10
scorpion,cancha2,ladob,2025-09-04,10
scorpion,cancha2,ladoa,2025-09-04,10
scorpion,cancha2,ladoa,2025-09-04,10
scorpion,cancha2,ladob,2025-09-04,10
scorpion,cancha2,ladob,2025-09-04,10
scorpion,cancha2,ladob,2025-09-04,11
scorpion,cancha2,ladob,2025-09-04,11
scorpion,cancha2,ladob,2025-09-04,11
scorpion,cancha2,ladob,2025-09-04,11
scorpion,cancha2,ladob,2025-09-04,11
scorpion,cancha2,ladob,2025-09-04,11
scorpion,cancha2,ladob,2025-09-04,11
scorpion,cancha1,ladoa,2025-09-04,12
scorpion,cancha1,ladob,2025-09-04,12
scorpion,cancha1,ladoa,2025-09-04,12
scorpion,cancha1,ladoa,2025-09-04,12
scorpion,cancha1,ladob,2025-09-04,12
scorpion,cancha1,ladob,2025-09-04,12
scorpion,cancha1,ladoa,2025-09-04,12
scorpion,cancha1,ladob,2025-09-04,12
scorpion,cancha1,ladoa,2025-09-04,13
scorpion,cancha1,ladob,2025-09-04,13
scorpion,cancha2,ladob,2025-09-04,13
scorpion,cancha2,ladob,2025-09-04,13
scorpion,cancha2,ladoa,2025-09-04,13
scorpion,cancha2,ladob,2025-09-04,13
scorpion,cancha2,ladob,2025-09-04,14
scorpion,cancha2,ladob,2025-09-04,14
scorpion,cancha2,ladoa,2025-09-04,14
scorpion,cancha2,ladob,2025-09-04,14
scorpion,cancha2,ladob,2025-09-04,14
scorpion,cancha2,ladoa,2025-09-04,14
scorpion,cancha2,ladob,2025-09-04,14
scorpion,cancha2,ladob,2025-09-04,14
scorpion,cancha2,ladob,2025-09-04,14
scorpion,cancha2,ladob,2025-09-04,14
scorpion,cancha2,ladob,2025-09-04,14
scorpion,cancha2,ladob,2025-09-04,15
scorpion,cancha2,ladoa,2025-09-04,15
scorpion,cancha2,ladob,2025-09-04,15
scorpion,cancha2,ladoa,2025-09-04,15
scorpion,cancha2,ladob,2025-09-04,15
scorpion,cancha2,ladob,2025-09-04,15
scorpion,cancha2,ladob,2025-09-04,15
scorpion,cancha2,ladob,2025-09-04,15
scorpion,cancha2,ladob,2025-09-04,15
scorpion,cancha2,ladob,2025-09-04,15
scorpion,cancha2,ladob,2025-09-04,15
scorpion,cancha2,ladoa,2025-09-04,15
scorpion,cancha2,ladob,2025-09-04,15
scorpion,cancha2,ladoa,2025-09-04,15
scorpion,cancha2,ladob,2025-09-04,15
scorpion,cancha2,ladob,2025-09-04,15
scorpion,cancha2,ladob,2025-09-04,15
scorpion,cancha2,ladoa,2025-09-04,15
scorpion,cancha2,ladoa,2025-09-04,15
scorpion,cancha2,ladoa,2025-09-04,15
scorpion,cancha2,ladob,2025-09-04,15
scorpion,cancha2,ladoa,2025-09-04,15
scorpion,cancha1,ladoa,2025-09-04,16
scorpion,cancha1,ladob,2025-09-04,16
scorpion,cancha1,ladoa,2025-09-04,16
scorpion,cancha1,ladob,2025-09-04,16
scorpion,cancha1,ladoa,2025-09-04,16
scorpion,cancha1,ladob,2025-09-04,16
scorpion,cancha1,ladob,2025-09-04,17
scorpion,cancha1,ladoa,2025-09-04,17
scorpion,cancha1,ladoa,2025-09-04,17
scorpion,cancha1,ladob,2025-09-04,17
scorpion,cancha1,ladob,2025-09-04,17
scorpion,cancha1,ladoa,2025-09-04,17
scorpion,cancha1,ladoa,2025-09-04,17
scorpion,cancha2,ladob,2025-09-04,17
scorpion,cancha2,ladob,2025-09-04,17
scorpion,cancha2,ladob,2025-09-04,17
scorpion,cancha1,ladoa,2025-09-04,17
scorpion,cancha2,ladob,2025-09-04,17
scorpion,cancha2,ladoa,2025-09-04,17
scorpion,cancha2,ladoa,2025-09-04,17
scorpion,cancha2,ladoa,2025-09-04,18
scorpion,cancha2,ladoa,2025-09-04,18
scorpion,cancha2,ladob,2025-09-04,18
scorpion,cancha2,ladob,2025-09-04,18
scorpion,cancha2,ladob,2025-09-04,18
scorpion,cancha2,ladoa,2025-09-04,18
scorpion,cancha2,ladoa,2025-09-04,18
scorpion,cancha2,ladob,2025-09-04,18
scorpion,cancha2,ladoa,2025-09-04,18
scorpion,cancha1,ladob,2025-09-04,18
scorpion,cancha1,ladob,2025-09-04,18
scorpion,cancha2,ladoa,2025-09-04,18
scorpion,cancha2,ladoa,2025-09-04,18
scorpion,cancha2,ladoa,2025-09-04,18
scorpion,cancha2,ladoa,2025-09-04,18
scorpion,cancha2,ladoa,2025-09-04,18
scorpion,cancha2,ladoa,2025-09-04,18
scorpion,cancha2,ladoa,2025-09-04,18
scorpion,cancha2,ladoa,2025-09-04,18
scorpion,cancha2,ladob,2025-09-04,18
scorpion,cancha2,ladoa,2025-09-04,18
scorpion,cancha2,ladob,2025-09-04,18
scorpion,cancha2,ladoa,2025-09-04,18
scorpion,cancha2,ladob,2025-09-04,19
scorpion,cancha2,ladoa,2025-09-04,19
scorpion,cancha2,ladoa,2025-09-04,19
scorpion,cancha1,ladoa,2025-09-04,20
scorpion,cancha1,ladob,2025-09-04,20
scorpion,cancha2,ladoa,2025-09-04,20
scorpion,cancha2,ladoa,2025-09-04,21
scorpion,cancha2,ladoa,2025-09-04,21
scorpion,cancha2,ladoa,2025-09-04,21
scorpion,cancha2,ladob,2025-09-04,22
scorpion,cancha2,ladoa,2025-09-05,07
scorpion,cancha2,ladoa,2025-09-05,07
scorpion,cancha2,ladoa,2025-09-05,07
scorpion,cancha2,ladoa,2025-09-05,07
scorpion,cancha2,ladoa,2025-09-05,07
scorpion,cancha2,ladoa,2025-09-05,07
scorpion,cancha2,ladoa,2025-09-05,07
scorpion,cancha2,ladoa,2025-09-05,07
scorpion,cancha1,ladoa,2025-09-05,09
scorpion,cancha1,ladoa,2025-09-05,09
scorpion,cancha1,ladob,2025-09-05,09
scorpion,cancha1,ladoa,2025-09-05,09
scorpion,cancha1,ladob,2025-09-05,09
scorpion,cancha1,ladoa,2025-09-05,09
scorpion,cancha1,ladob,2025-09-05,09
scorpion,cancha1,ladoa,2025-09-05,09
scorpion,cancha1,ladob,2025-09-05,09
scorpion,cancha1,ladob,2025-09-05,09
scorpion,cancha2,ladoa,2025-09-05,09
scorpion,cancha2,ladob,2025-09-05,09
scorpion,cancha1,ladoa,2025-09-05,10
scorpion,cancha1,ladoa,2025-09-05,10
scorpion,cancha1,ladoa,2025-09-05,10
scorpion,cancha1,ladoa,2025-09-05,10
scorpion,cancha1,ladoa,2025-09-05,10
scorpion,cancha1,ladob,2025-09-05,10
scorpion,cancha1,ladob,2025-09-05,10
scorpion,cancha1,ladob,2025-09-05,10
scorpion,cancha1,ladob,2025-09-05,10
scorpion,cancha1,ladob,2025-09-05,10
scorpion,cancha1,ladoa,2025-09-05,14
scorpion,cancha1,ladob,2025-09-05,14
scorpion,cancha2,ladob,2025-09-06,09
scorpion,cancha2,ladoa,2025-09-06,09
scorpion,cancha2,ladob,2025-09-06,09
scorpion,cancha2,ladoa,2025-09-06,09
scorpion,cancha2,ladoa,2025-09-06,10
scorpion,cancha2,ladob,2025-09-06,10
scorpion,cancha1,ladoa,2025-09-06,10
scorpion,cancha2,ladob,2025-09-06,10
scorpion,cancha2,ladoa,2025-09-06,10
scorpion,cancha2,ladob,2025-09-06,10
scorpion,cancha2,ladoa,2025-09-06,10
scorpion,cancha1,ladob,2025-09-06,10
scorpion,cancha2,ladob,2025-09-06,10
scorpion,cancha2,ladob,2025-09-06,10
scorpion,cancha2,ladob,2025-09-06,10
scorpion,cancha2,ladob,2025-09-06,10
scorpion,cancha2,ladob,2025-09-06,10
scorpion,cancha2,ladob,2025-09-06,11
scorpion,cancha2,ladoa,2025-09-06,14
scorpion,cancha2,ladoa,2025-09-06,14
scorpion,cancha2,ladob,2025-09-08,13
scorpion,cancha2,ladob,2025-09-08,13
scorpion,cancha2,ladob,2025-09-08,14
scorpion,cancha2,ladob,2025-09-08,14
scorpion,cancha1,ladoa,2025-09-08,20
scorpion,cancha1,ladob,2025-09-08,20
scorpion,cancha2,ladob,2025-09-08,20
scorpion,cancha2,ladob,2025-09-08,21
scorpion,cancha2,ladob,2025-09-08,21
scorpion,cancha1,ladoa,2025-09-08,22
scorpion,cancha1,ladob,2025-09-08,23
scorpion,cancha1,ladoa,2025-09-08,23
scorpion,cancha1,ladob,2025-09-08,23
scorpion,cancha2,ladoa,2025-09-09,07
scorpion,cancha2,ladob,2025-09-09,07
scorpion,cancha2,ladob,2025-09-09,10
scorpion,cancha2,ladob,2025-09-09,10
scorpion,cancha2,ladoa,2025-09-09,10
scorpion,cancha2,ladoa,2025-09-09,10
scorpion,cancha2,ladob,2025-09-09,10
scorpion,cancha2,ladob,2025-09-09,10
scorpion,cancha2,ladoa,2025-09-09,10
scorpion,cancha2,ladoa,2025-09-09,10
scorpion,cancha2,ladob,2025-09-09,11
scorpion,cancha2,ladob,2025-09-09,11
scorpion,cancha1,ladoa,2025-09-09,13
scorpion,cancha1,ladob,2025-09-09,13
scorpion,cancha1,ladoa,2025-09-09,17
scorpion,cancha1,ladob,2025-09-09,17
scorpion,cancha1,ladoa,2025-09-09,19
scorpion,cancha1,ladob,2025-09-09,19
scorpion,cancha2,ladob,2025-09-09,22
scorpion,cancha2,ladoa,2025-09-09,22
scorpion,cancha2,ladob,2025-09-09,22
scorpion,cancha2,ladoa,2025-09-09,22
scorpion,cancha2,ladob,2025-09-09,23
scorpion,cancha2,ladob,2025-09-09,23
scorpion,cancha2,ladoa,2025-09-09,23
scorpion,cancha2,ladoa,2025-09-09,23
scorpion,cancha2,ladob,2025-09-09,23
scorpion,cancha1,ladoa,2025-09-09,23
scorpion,cancha2,ladob,2025-09-09,23
scorpion,cancha2,ladob,2025-09-09,23
scorpion,cancha2,ladoa,2025-09-09,23
scorpion,cancha2,ladoa,2025-09-09,23
scorpion,cancha2,ladob,2025-09-10,00
scorpion,cancha1,ladob,2025-09-10,00
scorpion,cancha2,ladoa,2025-09-10,00
scorpion,cancha2,ladoa,2025-09-10,00
scorpion,cancha1,ladob,2025-09-11,08
scorpion,cancha1,ladoa,2025-09-11,09
scorpion,cancha1,ladob,2025-09-11,09
scorpion,cancha1,ladoa,2025-09-11,09
scorpion,cancha1,ladoa,2025-09-11,09
scorpion,cancha1,ladob,2025-09-11,09
scorpion,cancha1,ladob,2025-09-11,09
scorpion,cancha1,ladoa,2025-09-11,09
scorpion,cancha1,ladoa,2025-09-11,09
scorpion,cancha1,ladoa,2025-09-11,09
scorpion,cancha1,ladob,2025-09-11,09
scorpion,cancha1,ladoa,2025-09-11,09
scorpion,cancha1,ladoa,2025-09-11,09
scorpion,cancha1,ladob,2025-09-11,10
scorpion,cancha1,ladob,2025-09-11,10
scorpion,cancha2,ladob,2025-09-11,10
scorpion,cancha2,ladoa,2025-09-11,10
scorpion,cancha1,ladob,2025-09-11,10
scorpion,cancha1,ladob,2025-09-11,10
scorpion,cancha1,ladoa,2025-09-11,10
scorpion,cancha1,ladob,2025-09-11,10
scorpion,cancha1,ladoa,2025-09-11,10
scorpion,cancha1,ladob,2025-09-11,10
scorpion,cancha1,ladoa,2025-09-11,11
scorpion,cancha1,ladoa,2025-09-11,11
scorpion,cancha1,ladob,2025-09-11,11
scorpion,cancha1,ladob,2025-09-11,11
scorpion,cancha1,ladoa,2025-09-11,11
scorpion,cancha1,ladob,2025-09-11,11
scorpion,cancha2,ladob,2025-09-11,17
scorpion,cancha2,ladoa,2025-09-11,17
scorpion,cancha2,ladob,2025-09-11,17
scorpion,cancha2,ladob,2025-09-11,17
scorpion,cancha2,ladoa,2025-09-11,17
scorpion,cancha2,ladoa,2025-09-11,17
scorpion,cancha2,ladob,2025-09-11,17
scorpion,cancha2,ladoa,2025-09-11,17
scorpion,cancha2,ladob,2025-09-11,17
scorpion,cancha2,ladoa,2025-09-11,17
scorpion,cancha2,ladob,2025-09-11,18
scorpion,cancha2,ladoa,2025-09-11,18
scorpion,cancha2,ladob,2025-09-11,18
scorpion,cancha2,ladoa,2025-09-11,18
scorpion,cancha1,ladoa,2025-09-11,18
scorpion,cancha1,ladob,2025-09-11,18
scorpion,cancha1,ladoa,2025-09-11,18
scorpion,cancha1,ladob,2025-09-11,18
scorpion,cancha1,ladoa,2025-09-11,18
scorpion,cancha1,ladob,2025-09-11,18
scorpion,cancha1,ladoa,2025-09-11,19
scorpion,cancha1,ladob,2025-09-11,19
scorpion,cancha1,ladoa,2025-09-11,20
scorpion,cancha1,ladob,2025-09-11,20
scorpion,cancha1,ladoa,2025-09-11,20
scorpion,cancha1,ladob,2025-09-11,21
scorpion,cancha1,ladoa,2025-09-11,21
scorpion,cancha1,ladob,2025-09-11,21
scorpion,cancha1,ladoa,2025-09-11,21
scorpion,cancha1,ladoa,2025-09-11,21
scorpion,cancha1,ladoa,2025-09-11,21
scorpion,cancha1,ladoa,2025-09-11,21
scorpion,cancha1,ladob,2025-09-11,21
scorpion,cancha1,ladoa,2025-09-11,21
scorpion,cancha1,ladoa,2025-09-11,21
scorpion,cancha1,ladoa,2025-09-11,21
scorpion,cancha1,ladob,2025-09-11,21
scorpion,cancha2,ladob,2025-09-11,22
scorpion,cancha2,ladoa,2025-09-11,22
scorpion,cancha1,ladoa,2025-09-11,22
scorpion,cancha1,ladob,2025-09-11,22
scorpion,cancha1,ladoa,2025-09-11,22
scorpion,cancha1,ladob,2025-09-11,22
scorpion,cancha1,ladob,2025-09-11,22
scorpion,cancha1,ladob,2025-09-11,22
scorpion,cancha1,ladob,2025-09-11,22
scorpion,cancha1,ladob,2025-09-11,22
scorpion,cancha1,ladob,2025-09-11,22
scorpion,cancha1,ladoa,2025-09-12,07
scorpion,cancha2,ladoa,2025-09-12,08
scorpion,cancha2,ladob,2025-09-12,08
scorpion,cancha1,ladoa,2025-09-12,08
scorpion,cancha1,ladoa,2025-09-12,08
scorpion,cancha2,ladob,2025-09-12,08
scorpion,cancha2,ladoa,2025-09-12,08
scorpion,cancha2,ladob,2025-09-12,09
scorpion,cancha2,ladoa,2025-09-12,09
scorpion,cancha2,ladoa,2025-09-12,09
scorpion,cancha2,ladob,2025-09-12,09
scorpion,cancha2,ladoa,2025-09-12,09
scorpion,cancha2,ladob,2025-09-12,09
scorpion,cancha1,ladoa,2025-09-12,10
scorpion,cancha2,ladob,2025-09-12,10
scorpion,cancha2,ladoa,2025-09-12,10
scorpion,cancha1,ladoa,2025-09-12,10
scorpion,cancha2,ladob,2025-09-12,10
scorpion,cancha2,ladoa,2025-09-12,10
scorpion,cancha2,ladob,2025-09-12,10
scorpion,cancha2,ladoa,2025-09-12,10
scorpion,cancha2,ladob,2025-09-12,10
scorpion,cancha2,ladoa,2025-09-12,10
scorpion,cancha2,ladoa,2025-09-12,10
scorpion,cancha2,ladob,2025-09-12,10
scorpion,cancha2,ladob,2025-09-12,10
scorpion,cancha2,ladoa,2025-09-12,10
scorpion,cancha1,ladoa,2025-09-12,11
scorpion,cancha1,ladoa,2025-09-12,11
scorpion,cancha2,ladob,2025-09-12,11
scorpion,cancha2,ladoa,2025-09-12,11
scorpion,cancha2,ladoa,2025-09-12,11
scorpion,cancha2,ladob,2025-09-12,11
scorpion,cancha2,ladoa,2025-09-12,11
scorpion,cancha2,ladob,2025-09-12,11
scorpion,cancha1,ladoa,2025-09-13,10
scorpion,cancha1,ladob,2025-09-13,10
scorpion,cancha1,ladoa,2025-09-13,10
scorpion,cancha1,ladob,2025-09-13,10
scorpion,cancha1,ladoa,2025-09-13,10
scorpion,cancha1,ladob,2025-09-13,11
scorpion,cancha1,ladoa,2025-09-13,11
scorpion,cancha1,ladoa,2025-09-13,11
scorpion,cancha1,ladob,2025-09-13,11
scorpion,cancha1,ladob,2025-09-13,11
scorpion,cancha1,ladoa,2025-09-13,11
scorpion,cancha1,ladob,2025-09-13,11
scorpion,cancha1,ladoa,2025-09-13,12
scorpion,cancha1,ladob,2025-09-13,12
scorpion,cancha1,ladoa,2025-09-13,12
scorpion,cancha1,ladob,2025-09-13,12
scorpion,cancha1,ladoa,2025-09-13,12
scorpion,cancha1,ladob,2025-09-13,12
scorpion,cancha2,ladoa,2025-09-13,12
scorpion,cancha2,ladob,2025-09-13,12
scorpion,cancha1,ladoa,2025-09-13,12
scorpion,cancha1,ladoa,2025-09-13,12
scorpion,cancha1,ladoa,2025-09-13,12
scorpion,cancha1,ladob,2025-09-13,12
scorpion,cancha1,ladoa,2025-09-13,12
scorpion,cancha1,ladob,2025-09-13,12
scorpion,cancha1,ladob,2025-09-13,12
scorpion,cancha1,ladob,2025-09-13,12
scorpion,cancha1,ladoa,2025-09-13,13
scorpion,cancha1,ladoa,2025-09-13,13
scorpion,cancha1,ladob,2025-09-13,13
scorpion,cancha1,ladoa,2025-09-13,13
scorpion,cancha1,ladob,2025-09-13,13
scorpion,cancha1,ladoa,2025-09-13,13
scorpion,cancha1,ladoa,2025-09-13,13
scorpion,cancha1,ladob,2025-09-13,13
scorpion,cancha1,ladoa,2025-09-13,13
scorpion,cancha1,ladob,2025-09-13,13
scorpion,cancha1,ladoa,2025-09-13,13
scorpion,cancha1,ladob,2025-09-13,13
scorpion,cancha1,ladob,2025-09-13,13
scorpion,cancha1,ladoa,2025-09-13,13
scorpion,cancha1,ladob,2025-09-13,13
scorpion,cancha1,ladoa,2025-09-13,14
scorpion,cancha1,ladob,2025-09-13,14
scorpion,cancha1,ladoa,2025-09-13,14
scorpion,cancha1,ladob,2025-09-13,14
scorpion,cancha1,ladoa,2025-09-15,11
scorpion,cancha1,ladob,2025-09-15,11
scorpion,cancha1,ladoa,2025-09-15,13
scorpion,cancha1,ladob,2025-09-15,13
scorpion,cancha2,ladoa,2025-09-15,20
scorpion,cancha2,ladob,2025-09-15,20
scorpion,cancha2,ladob,2025-09-15,20
scorpion,cancha2,ladoa,2025-09-15,20
scorpion,cancha1,ladoa,2025-09-15,20
scorpion,cancha1,ladob,2025-09-15,20
scorpion,cancha2,ladob,2025-09-15,21
scorpion,cancha2,ladoa,2025-09-15,21
scorpion,cancha2,ladob,2025-09-15,21
scorpion,cancha2,ladoa,2025-09-15,21
scorpion,cancha1,ladoa,2025-09-15,21
scorpion,cancha1,ladob,2025-09-15,21
scorpion,cancha1,ladob,2025-09-15,21
scorpion,cancha1,ladoa,2025-09-15,21
scorpion,cancha1,ladoa,2025-09-15,21
scorpion,cancha1,ladob,2025-09-15,21
scorpion,cancha1,ladoa,2025-09-15,21
scorpion,cancha1,ladob,2025-09-15,21
scorpion,cancha1,ladoa,2025-09-15,21
scorpion,cancha1,ladob,2025-09-15,21
scorpion,cancha1,ladoa,2025-09-15,22
scorpion,cancha2,ladob,2025-09-15,22
scorpion,cancha1,ladoa,2025-09-15,22
scorpion,cancha2,ladob,2025-09-15,22
scorpion,cancha2,ladoa,2025-09-15,22
scorpion,cancha2,ladoa,2025-09-15,22
scorpion,cancha2,ladoa,2025-09-15,22
scorpion,cancha2,ladob,2025-09-15,22
scorpion,cancha2,ladob,2025-09-15,22
scorpion,cancha2,ladoa,2025-09-15,22
scorpion,cancha2,ladob,2025-09-15,22
scorpion,cancha2,ladoa,2025-09-15,22
scorpion,cancha1,ladob,2025-09-15,22
scorpion,cancha1,ladoa,2025-09-15,22
scorpion,cancha1,ladob,2025-09-15,22
scorpion,cancha1,ladob,2025-09-15,23
scorpion,cancha2,ladoa,2025-09-17,20
scorpion,cancha2,ladob,2025-09-17,20
scorpion,cancha1,ladob,2025-09-18,10
scorpion,cancha1,ladoa,2025-09-18,10
scorpion,cancha1,ladob,2025-09-18,10
scorpion,cancha1,ladoa,2025-09-18,10
scorpion,cancha1,ladoa,2025-09-18,11
scorpion,cancha1,ladob,2025-09-18,11
scorpion,cancha1,ladob,2025-09-18,11
scorpion,cancha1,ladoa,2025-09-18,11
scorpion,cancha1,ladoa,2025-09-18,19
scorpion,cancha1,ladob,2025-09-18,19
scorpion,cancha1,ladoa,2025-09-18,19
scorpion,cancha1,ladob,2025-09-18,19
scorpion,cancha1,ladoa,2025-09-18,19
scorpion,cancha1,ladob,2025-09-18,19
scorpion,cancha1,ladoa,2025-09-18,19
scorpion,cancha1,ladob,2025-09-18,19
scorpion,cancha1,ladoa,2025-09-18,19
scorpion,cancha1,ladob,2025-09-18,20
scorpion,cancha1,ladob,2025-09-18,20
scorpion,cancha1,ladoa,2025-09-18,20
scorpion,cancha1,ladoa,2025-09-18,20
scorpion,cancha1,ladob,2025-09-18,20
scorpion,cancha1,ladob,2025-09-18,20
scorpion,cancha1,ladoa,2025-09-18,20
scorpion,cancha1,ladoa,2025-09-18,20
scorpion,cancha1,ladoa,2025-09-18,20
scorpion,cancha1,ladob,2025-09-18,20
scorpion,cancha1,ladob,2025-09-18,21
scorpion,cancha1,ladob,2025-09-18,21
scorpion,cancha1,ladoa,2025-09-18,21
scorpion,cancha1,ladoa,2025-09-18,21
scorpion,cancha1,ladob,2025-09-18,21
scorpion,cancha1,ladoa,2025-09-18,21
scorpion,cancha1,ladob,2025-09-18,21
scorpion,cancha1,ladoa,2025-09-19,15
scorpion,cancha1,ladob,2025-09-19,15
puntazo,canchax,ladox,2025-09-20,12
scorpion,cancha1,ladob,2025-09-19,15
scorpion,cancha1,ladoa,2025-09-19,15
scorpion,cancha1,ladoa,2025-09-21,11
scorpion,cancha1,ladoa,2025-09-21,11
scorpion,cancha1,ladoa,2025-09-21,11
interpadel,cancha3,ladoa,2025-09-21,11
interpadel,cancha4,ladoa,2025-09-21,12
scorpion,cancha1,ladoa,2025-09-22,15
scorpion,cancha1,ladob,2025-09-22,15
scorpion,cancha1,ladoa,2025-09-22,16
scorpion,cancha1,ladob,2025-09-22,16
scorpion,cancha1,ladoa,2025-09-22,19
scorpion,cancha1,ladob,2025-09-22,20
scorpion,cancha1,ladob,2025-09-22,20
scorpion,cancha1,ladoa,2025-09-22,21
scorpion,cancha1,ladoa,2025-09-22,21
scorpion,cancha1,ladob,2025-09-22,21
scorpion,cancha1,ladob,2025-09-22,21
scorpion,cancha1,ladob,2025-09-22,21
scorpion,cancha1,ladoa,2025-09-22,21
scorpion,cancha2,ladob,2025-09-23,08
scorpion,cancha2,ladob,2025-09-23,08
scorpion,cancha2,ladob,2025-09-23,08
scorpion,cancha2,ladoa,2025-09-23,08
scorpion,cancha2,ladoa,2025-09-23,08
scorpion,cancha2,ladob,2025-09-23,08
scorpion,cancha2,ladoa,2025-09-23,09
scorpion,cancha2,ladoa,2025-09-23,09
interpadel,cancha4,ladoa,2025-09-23,10
interpadel,cancha4,ladoa,2025-09-23,23
interpadel,cancha4,ladoa,2025-09-23,23
interpadel,cancha4,ladoa,2025-09-24,00
interpadel,cancha4,ladoa,2025-09-24,00
scorpion,cancha1,ladoa,2025-09-24,08
scorpion,cancha1,ladoa,2025-09-24,08
scorpion,cancha1,ladoa,2025-09-24,08
scorpion,cancha1,ladoa,2025-09-24,08
scorpion,cancha1,ladob,2025-09-24,08
scorpion,cancha1,ladoa,2025-09-24,09
scorpion,cancha1,ladob,2025-09-24,09
scorpion,cancha1,ladoa,2025-09-24,09
scorpion,cancha1,ladob,2025-09-24,09
scorpion,cancha2,ladob,2025-09-24,10
scorpion,cancha2,ladoa,2025-09-24,10
scorpion,cancha2,ladob,2025-09-24,20
scorpion,cancha2,ladob,2025-09-24,20
scorpion,cancha2,ladoa,2025-09-24,20
scorpion,cancha2,ladob,2025-09-24,20
scorpion,cancha2,ladoa,2025-09-24,20
scorpion,cancha2,ladoa,2025-09-24,20
scorpion,cancha2,ladob,2025-09-24,20
scorpion,cancha2,ladoa,2025-09-24,20
scorpion,cancha1,ladoa,2025-09-24,20
scorpion,cancha1,ladob,2025-09-24,20
scorpion,cancha2,ladoa,2025-09-24,21
scorpion,cancha2,ladob,2025-09-24,21
scorpion,cancha1,ladoa,2025-09-24,22
scorpion,cancha1,ladob,2025-09-24,22
scorpion,cancha1,ladoa,2025-09-25,19
scorpion,cancha1,ladob,2025-09-25,19
scorpion,cancha1,ladoa,2025-09-25,21
scorpion,cancha1,ladob,2025-09-25,21
scorpion,cancha1,ladoa,2025-09-25,21
scorpion,cancha1,ladoa,2025-09-25,22
scorpion,cancha1,ladob,2025-09-25,22
scorpion,cancha1,ladob,2025-09-25,22
scorpion,cancha1,ladoa,2025-09-25,23
scorpion,cancha1,ladob,2025-09-25,23
scorpion,cancha1,ladoa,2025-09-25,23
scorpion,cancha1,ladob,2025-09-25,23
scorpion,cancha1,ladoa,2025-09-26,10
scorpion,cancha1,ladob,2025-09-26,10
interpadel,cancha4,ladoa,2025-09-27,09
interpadel,cancha4,ladoa,2025-09-27,09
interpadel,cancha4,ladoa,2025-09-27,09
scorpion,cancha2,ladob,2025-09-27,09
scorpion,cancha2,ladoa,2025-09-27,09
scorpion,cancha2,ladob,2025-09-27,09
scorpion,cancha2,ladoa,2025-09-27,09
scorpion,cancha2,ladob,2025-09-27,09
scorpion,cancha2,ladoa,2025-09-27,09
scorpion,cancha2,ladob,2025-09-27,09
scorpion,cancha2,ladoa,2025-09-27,09
scorpion,cancha2,ladob,2025-09-27,10
scorpion,cancha2,ladoa,2025-09-27,10
scorpion,cancha1,ladoa,2025-09-27,12
scorpion,cancha1,ladob,2025-09-27,12
scorpion,cancha1,ladob,2025-09-27,12
scorpion,cancha1,ladoa,2025-09-27,12
scorpion,cancha1,ladoa,2025-09-27,12
scorpion,cancha1,ladob,2025-09-27,12
scorpion,cancha1,ladoa,2025-09-27,12
scorpion,cancha1,ladoa,2025-09-27,12
scorpion,cancha1,ladob,2025-09-27,12
scorpion,cancha1,ladob,2025-09-27,12
scorpion,cancha1,ladoa,2025-09-27,12
scorpion,cancha1,ladob,2025-09-27,12
scorpion,cancha1,ladoa,2025-09-27,13
scorpion,cancha1,ladob,2025-09-27,13
scorpion,cancha1,ladoa,2025-09-27,13
scorpion,cancha1,ladoa,2025-09-27,13
scorpion,cancha1,ladob,2025-09-27,13
scorpion,cancha1,ladoa,2025-09-27,13
scorpion,cancha1,ladob,2025-09-27,13
scorpion,cancha1,ladob,2025-09-27,13
scorpion,cancha1,ladoa,2025-09-27,13
scorpion,cancha2,ladob,2025-09-29,18
scorpion,cancha2,ladob,2025-09-29,18
scorpion,cancha2,ladoa,2025-09-29,18
scorpion,cancha2,ladoa,2025-09-29,18
scorpion,cancha2,ladob,2025-09-29,18
scorpion,cancha2,ladob,2025-09-29,19
scorpion,cancha2,ladoa,2025-09-29,19
scorpion,cancha2,ladoa,2025-09-29,19
scorpion,cancha2,ladob,2025-09-29,19
scorpion,cancha2,ladob,2025-09-29,19
scorpion,cancha2,ladob,2025-09-29,19
scorpion,cancha2,ladob,2025-09-29,19
scorpion,cancha2,ladob,2025-09-29,19
scorpion,cancha2,ladoa,2025-09-29,19
scorpion,cancha2,ladoa,2025-09-29,19
scorpion,cancha2,ladoa,2025-09-29,19
scorpion,cancha2,ladoa,2025-09-29,19
scorpion,cancha2,ladoa,2025-09-29,19
scorpion,cancha2,ladob,2025-09-29,20
scorpion,cancha2,ladoa,2025-09-29,20
scorpion,cancha1,ladoa,2025-09-29,21
scorpion,cancha1,ladob,2025-09-29,21
scorpion,cancha2,ladob,2025-09-29,22
scorpion,cancha2,ladoa,2025-09-29,22
interpadel,cancha4,ladoa,2025-09-30,11
interpadel,cancha4,ladoa,2025-09-30,16
scorpion,cancha1,ladoa,2025-09-30,17
scorpion,cancha1,ladoa,2025-09-30,17
scorpion,cancha1,ladoa,2025-09-30,17
scorpion,cancha1,ladoa,2025-09-30,17
scorpion,cancha1,ladoa,2025-09-30,17
scorpion,cancha1,ladoa,2025-09-30,17
scorpion,cancha1,ladob,2025-09-30,17
scorpion,cancha1,ladob,2025-09-30,17
scorpion,cancha1,ladoa,2025-09-30,17
scorpion,cancha1,ladob,2025-09-30,18
scorpion,cancha1,ladob,2025-09-30,18
scorpion,cancha1,ladob,2025-09-30,18
scorpion,cancha1,ladob,2025-09-30,18
scorpion,cancha2,ladob,2025-09-30,18
scorpion,cancha2,ladoa,2025-09-30,18
scorpion,cancha1,ladob,2025-09-30,18
scorpion,cancha1,ladoa,2025-09-30,18
scorpion,cancha1,ladob,2025-09-30,18
scorpion,cancha1,ladoa,2025-09-30,18
scorpion,cancha1,ladob,2025-09-30,18
scorpion,cancha1,ladoa,2025-09-30,18
scorpion,cancha1,ladob,2025-09-30,19
scorpion,cancha1,ladoa,2025-09-30,19
scorpion,cancha1,ladoa,2025-09-30,19
scorpion,cancha1,ladoa,2025-09-30,19
scorpion,cancha1,ladoa,2025-09-30,19
scorpion,cancha1,ladob,2025-09-30,19
scorpion,cancha1,ladob,2025-09-30,19
scorpion,cancha1,ladob,2025-09-30,19
scorpion,cancha2,ladob,2025-09-30,20
scorpion,cancha2,ladoa,2025-09-30,20
scorpion,cancha1,ladoa,2025-10-01,11
scorpion,cancha1,ladob,2025-10-01,11
scorpion,cancha1,ladoa,2025-10-06,17
scorpion,cancha1,ladob,2025-10-06,18
scorpion,cancha1,ladoa,2025-10-06,18
scorpion,cancha1,ladob,2025-10-06,19
scorpion,cancha1,ladoa,2025-10-06,20
scorpion,cancha1,ladob,2025-10-06,20
scorpion,cancha2,ladob,2025-10-06,21
scorpion,cancha2,ladob,2025-10-06,21
scorpion,cancha2,ladob,2025-10-06,21
scorpion,cancha2,ladoa,2025-10-06,21
scorpion,cancha2,ladob,2025-10-06,21
scorpion,cancha2,ladob,2025-10-06,21
scorpion,cancha2,ladob,2025-10-06,21
scorpion,cancha2,ladoa,2025-10-06,21
scorpion,cancha1,ladob,2025-10-06,21
scorpion,cancha1,ladoa,2025-10-06,21
scorpion,cancha2,ladob,2025-10-06,21
scorpion,cancha1,ladoa,2025-10-06,21
scorpion,cancha1,ladob,2025-10-06,21
scorpion,cancha2,ladoa,2025-10-06,21
scorpion,cancha1,ladoa,2025-10-06,21
scorpion,cancha2,ladoa,2025-10-06,22
scorpion,cancha2,ladoa,2025-10-06,22
scorpion,cancha2,ladob,2025-10-06,22
scorpion,cancha2,ladob,2025-10-06,22
scorpion,cancha2,ladoa,2025-10-06,22
scorpion,cancha2,ladob,2025-10-06,22
scorpion,cancha2,ladoa,2025-10-06,22
scorpion,cancha2,ladob,2025-10-06,22
scorpion,cancha2,ladoa,2025-10-06,22
scorpion,cancha2,ladoa,2025-10-06,22
scorpion,cancha2,ladob,2025-10-06,22
scorpion,cancha2,ladob,2025-10-06,22
scorpion,cancha2,ladob,2025-10-06,22
scorpion,cancha2,ladoa,2025-10-06,22
scorpion,cancha2,ladoa,2025-10-06,22
scorpion,cancha2,ladob,2025-10-06,22
scorpion,cancha2,ladoa,2025-10-06,22
scorpion,cancha1,ladob,2025-10-06,22
scorpion,cancha2,ladoa,2025-10-06,22
scorpion,cancha1,ladoa,2025-10-06,23
scorpion,cancha1,ladob,2025-10-06,23
scorpion,cancha2,ladob,2025-10-06,23
scorpion,cancha2,ladoa,2025-10-06,23
scorpion,cancha2,ladob,2025-10-06,23
scorpion,cancha2,ladoa,2025-10-06,23
scorpion,cancha2,ladob,2025-10-06,23
scorpion,cancha2,ladoa,2025-10-06,23
scorpion,cancha2,ladoa,2025-10-06,23
scorpion,cancha2,ladoa,2025-10-06,23
scorpion,cancha2,ladob,2025-10-07,18
scorpion,cancha2,ladob,2025-10-07,18
scorpion,cancha2,ladoa,2025-10-07,18
scorpion,cancha2,ladoa,2025-10-07,18
scorpion,cancha1,ladoa,2025-10-07,23
scorpion,cancha1,ladoa,2025-10-07,23
scorpion,cancha1,ladoa,2025-10-07,23
scorpion,cancha2,ladob,2025-10-08,11
scorpion,cancha2,ladoa,2025-10-08,11
scorpion,cancha2,ladob,2025-10-08,11
scorpion,cancha2,ladob,2025-10-08,11
scorpion,cancha2,ladoa,2025-10-08,11
scorpion,cancha2,ladob,2025-10-08,11
scorpion,cancha2,ladob,2025-10-08,11
scorpion,cancha2,ladoa,2025-10-08,11
scorpion,cancha2,ladob,2025-10-08,12
scorpion,cancha2,ladob,2025-10-08,12
scorpion,cancha2,ladob,2025-10-08,12
scorpion,cancha2,ladob,2025-10-08,12
scorpion,cancha2,ladoa,2025-10-08,12
scorpion,cancha2,ladob,2025-10-08,12
scorpion,cancha2,ladob,2025-10-08,12
scorpion,cancha2,ladob,2025-10-08,12
scorpion,cancha2,ladoa,2025-10-08,12
scorpion,cancha2,ladob,2025-10-08,12
scorpion,cancha2,ladob,2025-10-08,12
scorpion,cancha2,ladob,2025-10-08,12
scorpion,cancha2,ladoa,2025-10-08,12
scorpion,cancha2,ladoa,2025-10-08,12
scorpion,cancha2,ladoa,2025-10-08,12
scorpion,cancha2,ladob,2025-10-08,12
scorpion,cancha2,ladob,2025-10-08,12
scorpion,cancha2,ladob,2025-10-08,13
scorpion,cancha2,ladob,2025-10-08,13
scorpion,cancha2,ladob,2025-10-08,13
scorpion,cancha2,ladoa,2025-10-08,13
scorpion,cancha2,ladoa,2025-10-08,13
scorpion,cancha2,ladoa,2025-10-08,13
scorpion,cancha2,ladoa,2025-10-08,13
scorpion,cancha2,ladoa,2025-10-08,13
scorpion,cancha2,ladoa,2025-10-08,13
scorpion,cancha2,ladoa,2025-10-08,13
scorpion,cancha2,ladoa,2025-10-08,13
scorpion,cancha2,ladob,2025-10-08,13
scorpion,cancha2,ladob,2025-10-08,13
scorpion,cancha2,ladob,2025-10-08,13
scorpion,cancha2,ladoa,2025-10-08,13
scorpion,cancha2,ladob,2025-10-08,13
scorpion,cancha2,ladoa,2025-10-08,13
scorpion,cancha2,ladoa,2025-10-08,14
scorpion,cancha2,ladob,2025-10-08,14
scorpion,cancha2,ladob,2025-10-08,14
scorpion,cancha2,ladoa,2025-10-08,14
scorpion,cancha2,ladob,2025-10-08,14
scorpion,cancha2,ladoa,2025-10-08,14
scorpion,cancha2,ladoa,2025-10-08,14
scorpion,cancha2,ladoa,2025-10-08,14
scorpion,cancha2,ladoa,2025-10-08,14
scorpion,cancha2,ladoa,2025-10-08,14
scorpion,cancha2,ladoa,2025-10-08,14
scorpion,cancha2,ladob,2025-10-08,14
scorpion,cancha2,ladoa,2025-10-08,14
scorpion,cancha2,ladoa,2025-10-08,14
scorpion,cancha2,ladob,2025-10-08,14
scorpion,cancha2,ladoa,2025-10-08,14
scorpion,cancha2,ladob,2025-10-08,14
scorpion,cancha2,ladob,2025-10-08,15
scorpion,cancha2,ladoa,2025-10-08,15
scorpion,cancha2,ladob,2025-10-08,15
scorpion,cancha2,ladoa,2025-10-08,15
scorpion,cancha2,ladoa,2025-10-08,15
scorpion,cancha2,ladoa,2025-10-08,15
scorpion,cancha2,ladob,2025-10-08,19
scorpion,cancha2,ladoa,2025-10-08,20
scorpion,cancha2,ladob,2025-10-08,20
scorpion,cancha2,ladoa,2025-10-08,20
scorpion,cancha1,ladoa,2025-10-08,20
scorpion,cancha1,ladoa,2025-10-08,20
scorpion,cancha1,ladoa,2025-10-08,20
scorpion,cancha1,ladoa,2025-10-08,21
scorpion,cancha1,ladoa,2025-10-08,21
scorpion,cancha1,ladob,2025-10-08,21
scorpion,cancha1,ladoa,2025-10-08,21
scorpion,cancha1,ladob,2025-10-08,21
scorpion,cancha1,ladob,2025-10-08,21
scorpion,cancha1,ladoa,2025-10-08,21
scorpion,cancha1,ladob,2025-10-08,21
scorpion,cancha1,ladob,2025-10-08,21
scorpion,cancha1,ladob,2025-10-08,21
scorpion,cancha1,ladob,2025-10-08,21
scorpion,cancha2,ladob,2025-10-08,22
scorpion,cancha2,ladoa,2025-10-08,22
scorpion,cancha2,ladob,2025-10-08,23
scorpion,cancha2,ladoa,2025-10-08,23
scorpion,cancha1,ladoa,2025-10-10,09
scorpion,cancha2,ladob,2025-10-10,09
scorpion,cancha2,ladoa,2025-10-10,10
scorpion,cancha2,ladob,2025-10-10,10
scorpion,cancha2,ladoa,2025-10-10,10
scorpion,cancha2,ladob,2025-10-10,11
scorpion,cancha2,ladoa,2025-10-10,11
scorpion,cancha1,ladoa,2025-10-11,08
scorpion,cancha1,ladob,2025-10-11,08
scorpion,cancha1,ladoa,2025-10-11,09
scorpion,cancha1,ladob,2025-10-11,09
scorpion,cancha1,ladoa,2025-10-11,09
scorpion,cancha1,ladoa,2025-10-11,10
scorpion,cancha1,ladob,2025-10-11,10
scorpion,cancha1,ladob,2025-10-11,10
scorpion,cancha1,ladoa,2025-10-11,10
scorpion,cancha1,ladob,2025-10-11,10
scorpion,cancha1,ladoa,2025-10-11,10
scorpion,cancha1,ladob,2025-10-11,10
scorpion,cancha1,ladoa,2025-10-11,10
scorpion,cancha1,ladoa,2025-10-11,10
scorpion,cancha1,ladob,2025-10-11,11
scorpion,cancha1,ladoa,2025-10-11,11
scorpion,cancha1,ladob,2025-10-11,11
scorpion,cancha1,ladob,2025-10-11,11
scorpion,cancha1,ladoa,2025-10-11,11
scorpion,cancha1,ladob,2025-10-11,11
scorpion,cancha1,ladoa,2025-10-11,11
scorpion,cancha1,ladob,2025-10-11,11
scorpion,cancha1,ladoa,2025-10-11,11
scorpion,cancha1,ladob,2025-10-11,11
scorpion,cancha1,ladoa,2025-10-11,12
scorpion,cancha1,ladob,2025-10-11,12
scorpion,cancha1,ladoa,2025-10-11,13
scorpion,cancha1,ladob,2025-10-11,13
scorpion,cancha1,ladob,2025-10-11,13
scorpion,cancha1,ladoa,2025-10-11,13
scorpion,cancha1,ladoa,2025-10-11,14
scorpion,cancha1,ladob,2025-10-11,14
scorpion,cancha1,ladob,2025-10-11,16
scorpion,cancha1,ladoa,2025-10-11,16
scorpion,cancha1,ladoa,2025-10-11,16
scorpion,cancha1,ladob,2025-10-11,16
scorpion,cancha2,ladoa,2025-10-11,16
scorpion,cancha2,ladob,2025-10-11,16
scorpion,cancha1,ladob,2025-10-13,16
scorpion,cancha1,ladoa,2025-10-13,18
scorpion,cancha1,ladob,2025-10-13,18
